인텔® 제품 사양 비교,,,,,,,,,,,,,,,,,,,,,,,,,,,,,,,,,,,,,,,,,,,,,,,,,,,,,,,,,,,,,,,,,,,,,,,,,,,,,,,,,,,,,,,,,,,,,,,,,,,,,,,,,
2024/04/05 01:27:34,,,,,,,,,,,,,,,,,,,,,,,,,,,,,,,,,,,,,,,,,,,,,,,,,,,,,,,,,,,,,,,,,,,,,,,,,,,,,,,,,,,,,,,,,,,,,,,,,,,,,,,,,
 ,Intel® Core™ i5-8500 Processor,Intel® Core™ i5-8500T Processor,Intel® Core™ i5-1240P Processor,Intel® Core™ i5-12450H Processor,Intel® Core™ i5-12400 Processor,Intel® Core™ i5-12400F Processor,Intel® Core™ i5-12600K Processor,Intel® Core™ i5-12600KF Processor,Intel® Core™ i5-8400H Processor,Intel® Core™ i5-8365UE Processor,Intel® Core™ i5-9500E Processor,Intel® Core™ i5-9500TE Processor,Intel® Core™ i5-10210U Processor,Intel® Core™ i5-10400 Processor,Intel® Core™ i5-10600 Processor,Intel® Core™ i5-10500T Processor,Intel® Core™ i5-10400T Processor,Intel® Core™ i5-10500 Processor,Intel® Core™ i5-10400F Processor,Intel® Core™ i5-10600T Processor,Intel® Core™ i5-10505 Processor,Intel® Core™ i5-10500H Processor,Intel® Core™ i5-10500TE Processor,Intel® Core™ i5-10500E Processor,Intel® Core™ i5-1145GRE Processor,Intel® Core™ i5-1145G7E Processor,Intel® Core™ i5-11500HE Processor,Intel® Core™ i5-12400T Processor,Intel® Core™ i5-1250P Processor,Intel® Core™ i5-1245U Processor,Intel® Core™ i5-1235U Processor,Intel® Core™ i5-1235U Processor,Intel® Core™ i5-1240U Processor,Intel® Core™ i5-1230U Processor,Intel® Core™ i5-1250PE Processor,Intel® Core™ i5-1245UE Processor,Intel® Core™ i5-12600HX Processor,Intel® Core™ i5-12450HX Processor,Intel® Core™ i5-12600HL Processor,Intel® Core™ i5-12500HL Processor,Intel® Core™ i5-13600K Processor,Intel® Core™ i5-13600KF Processor,Intel® Core™ i5-13400 Processor,Intel® Core™ i5-13400F Processor,Intel® Core™ i5-13600T Processor,Intel® Core™ i5-13600 Processor,Intel® Core™ i5-13400T Processor,Intel® Core™ i5-13500T Processor,Intel® Core™ i5-13500 Processor,Intel® Core™ i5-1245UL Processor,Intel® Core™ i5-1235UL Processor,Intel® Core™ i5-1350P Processor,Intel® Core™ i5-13505H Processor,Intel® Core™ i5-13500TE Processor,Intel® Core™ i5-1340P Processor,Intel® Core™ i5-1345U Processor,Intel® Core™ i5-13450HX Processor,Intel® Core™ i5-1350PE Processor,Intel® Core™ i5-13500E Processor,Intel® Core™ i5-1334U Processor,Intel® Core™ i5-13600H Processor,Intel® Core™ i5-13500H Processor,Intel® Core™ i5-13400E Processor,Intel® Core™ i5-13600HE Processor,Intel® Core™ i5-1335U Processor,Intel® Core™ i5-13600HX Processor,Intel® Core™ i5-13500HX Processor,Intel® Core™ i5-1340PE Processor,Intel® Core™ i5-13420H Processor,Intel® Core™ i5-1335UE Processor,Intel® Core™ i5-1345UE Processor,Intel® Core™ i5-13500H Processor,Intel® Core™ i5-13600HRE Processor,Intel® Core™ i5-1350PRE Processor,Intel® Core™ i5-1345URE Processor,Intel® Core™ i5 processor 14450HX,Intel® Core™ i5 processor 14500HX,Intel® Core™ i5 processor 14400F,Intel® Core™ i5 processor 14600KF,Intel® Core™ i5 processor 14500T,Intel® Core™ i5 processor 14600T,Intel® Core™ i5 processor 14500,Intel® Core™ i5 processor 14400,Intel® Core™ i5 processor 14400T,Intel® Core™ i5 processor 14600K,Intel® Core™ i5 processor 14600,Intel® Core™ i5-6500 Processor,Intel® Core™ i5-6500TE Processor,Intel® Core™ i5-6300U Processor,Intel® Core™ i5-6440EQ Processor,Intel® Core™ i5-6442EQ Processor,Intel® Core™ i5-12500T Processor,Intel® Core™ i5-12500H Processor,Intel® Core™ i5-12500TE Processor,Intel® Core™ i5-12500E Processor,Intel® Core™ i5-12500 Processor,Intel® Core™ i5-12600 Processor,Intel® Core™ i5-12600T Processor,Intel® Core™ i5-12600H Processor,Intel® Core™ i5-12600HE Processor,Intel® Core™ i5-7500T Processor,Intel® Core™ i5-7500 Processor,Intel® Core™ i5-7300U Processor,Intel® Core™ i5-7440EQ Processor,Intel® Core™ i5-7442EQ Processor
주요 정보,,,,,,,,,,,,,,,,,,,,,,,,,,,,,,,,,,,,,,,,,,,,,,,,,,,,,,,,,,,,,,,,,,,,,,,,,,,,,,,,,,,,,,,,,,,,,,,,,,,,,,,,,
제품 콜렉션,8세대 인텔® 코어™ i5 프로세서,8세대 인텔® 코어™ i5 프로세서,12세대 인텔® 코어™ i5 프로세서,12세대 인텔® 코어™ i5 프로세서,12세대 인텔® 코어™ i5 프로세서,12세대 인텔® 코어™ i5 프로세서,12세대 인텔® 코어™ i5 프로세서,12세대 인텔® 코어™ i5 프로세서,8세대 인텔® 코어™ i5 프로세서,8세대 인텔® 코어™ i5 프로세서,9세대 인텔® 코어™ i5 프로세서,9세대 인텔® 코어™ i5 프로세서,10세대 인텔® 코어™ i5 프로세서,10세대 인텔® 코어™ i5 프로세서,10세대 인텔® 코어™ i5 프로세서,10세대 인텔® 코어™ i5 프로세서,10세대 인텔® 코어™ i5 프로세서,10세대 인텔® 코어™ i5 프로세서,10세대 인텔® 코어™ i5 프로세서,10세대 인텔® 코어™ i5 프로세서,10세대 인텔® 코어™ i5 프로세서,10세대 인텔® 코어™ i5 프로세서,10세대 인텔® 코어™ i5 프로세서,10세대 인텔® 코어™ i5 프로세서,11세대 인텔® 코어™ i5 프로세서,11세대 인텔® 코어™ i5 프로세서,11세대 인텔® 코어™ i5 프로세서,12세대 인텔® 코어™ i5 프로세서,12세대 인텔® 코어™ i5 프로세서,12세대 인텔® 코어™ i5 프로세서,12세대 인텔® 코어™ i5 프로세서,12세대 인텔® 코어™ i5 프로세서,12세대 인텔® 코어™ i5 프로세서,12세대 인텔® 코어™ i5 프로세서,12세대 인텔® 코어™ i5 프로세서,12세대 인텔® 코어™ i5 프로세서,12세대 인텔® 코어™ i5 프로세서,12세대 인텔® 코어™ i5 프로세서,12세대 인텔® 코어™ i5 프로세서,12세대 인텔® 코어™ i5 프로세서,13세대 인텔® 코어™ i5 프로세서,13세대 인텔® 코어™ i5 프로세서,13세대 인텔® 코어™ i5 프로세서,13세대 인텔® 코어™ i5 프로세서,13세대 인텔® 코어™ i5 프로세서,13세대 인텔® 코어™ i5 프로세서,13세대 인텔® 코어™ i5 프로세서,13세대 인텔® 코어™ i5 프로세서,13세대 인텔® 코어™ i5 프로세서,12세대 인텔® 코어™ i5 프로세서,12세대 인텔® 코어™ i5 프로세서,13세대 인텔® 코어™ i5 프로세서,13세대 인텔® 코어™ i5 프로세서,13세대 인텔® 코어™ i5 프로세서,13세대 인텔® 코어™ i5 프로세서,13세대 인텔® 코어™ i5 프로세서,13세대 인텔® 코어™ i5 프로세서,13세대 인텔® 코어™ i5 프로세서,13세대 인텔® 코어™ i5 프로세서,13세대 인텔® 코어™ i5 프로세서,13세대 인텔® 코어™ i5 프로세서,13세대 인텔® 코어™ i5 프로세서,13세대 인텔® 코어™ i5 프로세서,13세대 인텔® 코어™ i5 프로세서,13세대 인텔® 코어™ i5 프로세서,13세대 인텔® 코어™ i5 프로세서,13세대 인텔® 코어™ i5 프로세서,13세대 인텔® 코어™ i5 프로세서,13세대 인텔® 코어™ i5 프로세서,13세대 인텔® 코어™ i5 프로세서,13세대 인텔® 코어™ i5 프로세서,13세대 인텔® 코어™ i5 프로세서,13세대 인텔® 코어™ i5 프로세서,13세대 인텔® 코어™ i5 프로세서,13th Generation Intel® Core™ i5 Processors,Intel® Core™ i5 Processors (14th gen),Intel® Core™ i5 Processors (14th gen),Intel® Core™ i5 Processors (14th gen),Intel® Core™ i5 Processors (14th gen),Intel® Core™ i5 Processors (14th gen),Intel® Core™ i5 Processors (14th gen),Intel® Core™ i5 Processors (14th gen),Intel® Core™ i5 Processors (14th gen),Intel® Core™ i5 Processors (14th gen),Intel® Core™ i5 Processors (14th gen),Intel® Core™ i5 Processors (14th gen),6세대 인텔® 코어™ i5 프로세서,6세대 인텔® 코어™ i5 프로세서,6세대 인텔® 코어™ i5 프로세서,6세대 인텔® 코어™ i5 프로세서,6세대 인텔® 코어™ i5 프로세서,12세대 인텔® 코어™ i5 프로세서,12세대 인텔® 코어™ i5 프로세서,12세대 인텔® 코어™ i5 프로세서,12세대 인텔® 코어™ i5 프로세서,12세대 인텔® 코어™ i5 프로세서,12세대 인텔® 코어™ i5 프로세서,12세대 인텔® 코어™ i5 프로세서,12세대 인텔® 코어™ i5 프로세서,12세대 인텔® 코어™ i5 프로세서,7세대 인텔® 코어™ i5 프로세서,7세대 인텔® 코어™ i5 프로세서,7세대 인텔® 코어™ i5 프로세서,7세대 인텔® 코어™ i5 프로세서,7세대 인텔® 코어™ i5 프로세서
수직 분야,Desktop,Desktop,Mobile,Mobile,Desktop,Desktop,Desktop,Desktop,Mobile,Embedded,Embedded,Embedded,Mobile,Desktop,Desktop,Desktop,Desktop,Desktop,Desktop,Desktop,Desktop,Mobile,Embedded,Embedded,Embedded,Embedded,Embedded,Desktop,Mobile,Mobile,Mobile,Mobile,Mobile,Mobile,Embedded,Embedded,Mobile,Mobile,Embedded,Embedded,Desktop,Desktop,Desktop,Desktop,Desktop,Desktop,Desktop,Desktop,Desktop,Embedded,Embedded,Mobile,Mobile,Embedded,Mobile,Mobile,Mobile,Embedded,Embedded,Mobile,Mobile,Mobile,Embedded,Embedded,Mobile,Mobile,Mobile,Embedded,Mobile,Embedded,Embedded,Mobile,Embedded,Embedded,Embedded,Mobile,Mobile,Desktop,Desktop,Desktop,Desktop,Desktop,Desktop,Desktop,Desktop,Desktop,Desktop,Embedded,Mobile,Embedded,Embedded,Desktop,Mobile,Embedded,Embedded,Desktop,Desktop,Desktop,Mobile,Embedded,Desktop,Desktop,Mobile,Embedded,Embedded
프로세서 번호,i5-8500,i5-8500T,i5-1240P,i5-12450H,i5-12400,i5-12400F,i5-12600K,i5-12600KF,i5-8400H,i5-8365UE,i5-9500E,i5-9500TE,i5-10210U,i5-10400,i5-10600,i5-10500T,i5-10400T,i5-10500,i5-10400F,i5-10600T,i5-10505,i5-10500H,i5-10500TE,i5-10500E,i5-1145GRE,i5-1145G7E,i5-11500HE,i5-12400T,i5-1250P,i5-1245U,i5-1235U,i5-1235U,i5-1240U,i5-1230U,i5-1250PE,i5-1245UE,i5-12600HX,i5-12450HX,i5-12600HL,i5-12500HL,i5-13600K,i5-13600KF,i5-13400,i5-13400F,i5-13600T,i5-13600,i5-13400T,i5-13500T,i5-13500,i5-1245UL,i5-1235UL,i5-1350P,i5-13505H,i5-13500TE,i5-1340P,i5-1345U,i5-13450HX,i5-1350PE,i5-13500E,i5-1334U,i5-13600H,i5-13500H,i5-13400E,i5-13600HE,i5-1335U,i5-13600HX,i5-13500HX,i5-1340PE,i5-13420H,i5-1335UE,i5-1345UE,i5-13500H,i5-13600HRE,i5-1350PRE,i5-1345URE,i5-14450HX,i5-14500HX,i5-14400F,i5-14600KF,i5-14500T,i5-14600T,i5-14500,i5-14400,i5-14400T,i5-14600K,i5-14600,i5-6500,i5-6500TE,i5-6300U,i5-6440EQ,i5-6442EQ,i5-12500T,i5-12500H,i5-12500TE,i5-12500E,i5-12500,i5-12600,i5-12600T,i5-12600H,i5-12600HE,i5-7500T,i5-7500,i5-7300U,i5-7440EQ,i5-7442EQ
리소그래피,14 nm,14 nm,Intel 7,Intel 7,Intel 7,Intel 7,Intel 7,Intel 7,14 nm,14 nm,14 nm,14 nm,14 nm,14 nm,14 nm,14 nm,14 nm,14 nm,14 nm,14 nm,14 nm,14 nm,14 nm,14 nm,10 nm SuperFin,10 nm SuperFin,10 nm SuperFin,Intel 7,Intel 7,Intel 7,Intel 7,Intel 7,Intel 7,Intel 7,Intel 7,Intel 7,Intel 7,Intel 7,Intel 7,Intel 7,Intel 7,Intel 7,Intel 7,Intel 7,Intel 7,Intel 7,Intel 7,Intel 7,Intel 7,Intel 7,Intel 7,Intel 7,Intel 7,Intel 7,Intel 7,Intel 7,Intel 7,Intel 7,Intel 7,Intel 7,Intel 7,Intel 7,Intel 7,Intel 7,Intel 7,Intel 7,Intel 7,Intel 7,Intel 7,Intel 7,Intel 7,Intel 7,Intel 7,Intel 7,Intel 7,Intel 7,Intel 7,Intel 7,Intel 7,Intel 7,Intel 7,Intel 7,Intel 7,Intel 7,Intel 7,Intel 7,14 nm,14 nm,14 nm,14 nm,14 nm,Intel 7,Intel 7,Intel 7,Intel 7,Intel 7,Intel 7,Intel 7,Intel 7,Intel 7,14 nm,14 nm,14 nm,14 nm,14 nm
사용 조건,Embedded Broad Market Commercial Temp |  PC/Client/Tablet,Embedded Broad Market Commercial Temp |  PC/Client/Tablet,,,PC/Client/Tablet,PC/Client/Tablet,PC/Client/Tablet |  Workstation,PC/Client/Tablet,Embedded Broad Market Commercial Temp |  PC/Client/Tablet,Embedded Broad Market Commercial Temp,Embedded Broad Market Commercial Temp,Embedded Broad Market Commercial Temp,,PC/Client/Tablet,PC/Client/Tablet,PC/Client/Tablet,PC/Client/Tablet,PC/Client/Tablet,PC/Client/Tablet,PC/Client/Tablet,PC/Client/Tablet,PC/Client/Tablet,Embedded Broad Market Commercial Temp,Embedded Broad Market Commercial Temp,Industrial Extended Temp |  Embedded Broad Market Extended Temp,Embedded Broad Market Commercial Temp,Embedded Broad Market Commercial Temp,PC/Client/Tablet,,,,,,,Embedded Broad Market Commercial Temp,Embedded Broad Market Commercial Temp,,,PC/Client/Tablet,PC/Client/Tablet,PC/Client/Tablet |  Workstation,PC/Client/Tablet,PC/Client/Tablet,PC/Client/Tablet,PC/Client/Tablet |  Workstation,PC/Client/Tablet |  Workstation,PC/Client/Tablet,PC/Client/Tablet |  Workstation,PC/Client/Tablet |  Workstation,PC/Client/Tablet,PC/Client/Tablet,,,Embedded Broad Market Commercial Temp,,,,Embedded Broad Market Commercial Temp,Embedded Broad Market Commercial Temp,,,,Embedded Broad Market Commercial Temp,Embedded Broad Market Commercial Temp,,,,Embedded Broad Market Commercial Temp,,Embedded Broad Market Commercial Temp,Embedded Broad Market Commercial Temp,,Industrial Extended Temp,Industrial Extended Temp,Industrial Extended Temp,,,PC/Client/Tablet,PC/Client/Tablet,PC/Client/Tablet |  Workstation,PC/Client/Tablet |  Workstation,PC/Client/Tablet |  Workstation,PC/Client/Tablet,PC/Client/Tablet,PC/Client/Tablet |  Workstation,PC/Client/Tablet |  Workstation,PC/Client/Tablet,Embedded Broad Market Commercial Temp |  PC/Client/Tablet,Industrial Commercial Temp |  Embedded Broad Market Commercial Temp |  PC/Client/Tablet,Industrial Commercial Temp |  Embedded Broad Market Commercial Temp |  PC/Client/Tablet,Industrial Commercial Temp |  Embedded Broad Market Commercial Temp |  PC/Client/Tablet,PC/Client/Tablet |  Workstation,,Embedded Broad Market Commercial Temp,Embedded Broad Market Commercial Temp,PC/Client/Tablet |  Workstation,PC/Client/Tablet |  Workstation,PC/Client/Tablet |  Workstation,,Embedded Broad Market Commercial Temp,Embedded Broad Market Commercial Temp |  PC/Client/Tablet,Embedded Broad Market Commercial Temp |  PC/Client/Tablet,Industrial Commercial Temp,Industrial Commercial Temp |  Embedded Broad Market Commercial Temp |  PC/Client/Tablet,Industrial Commercial Temp |  Embedded Broad Market Commercial Temp |  PC/Client/Tablet
고객 권장가격,$192.00,$192.00,$353.00,$342.00,$211.00-$221.00,$184.00-$194.00,$318.00-$328.00,$290.00-$300.00,$250.00,$297.00,$192.00,$192.00,$328.00,$200.00-$210.00,$234.00-$244.00,$211.00,$200.00,$211.00-$221.00,$173.00-$183.00,$234.00,$211.00,$275.00,$214.00,$214.00,$362.00,$312.00,$256.00,$211.00,$320.00,$309.00,$340.00,$340.00,,$340.00,$323.00,$312.00,$284.00,$312.00,$311.00,$279.00,$319.00-$329.00,$294.00-$304.00,$221.00-$231.00,$196.00-$206.00,$255.00,$255.00,$221.00,$232.00,$232.00-$242.00,,,$320.00,$342.00,$235.00,$353.00,$309.00,$326.00,$315.00,$235.00,$340.00,$311.00,$342.00,$224.00,$317.00,$340.00,$284.00,$326.00,$315.00,$342.00,$312.00,$312.00,$342.00,$347.00,$343.00,$340.00,$337.00,$337.00,$196.00-$206.00,$294.00-$304.00,$232.00,$255.00,$232.00-$242.00,$221.00-$231.00,$221.00,$319.00-$329.00,$255.00,$192.00,$192.00,$281.00,$250.00,$250.00,$222.00,$342.00,$225.00,$225.00,$222.00-$232.00,$245.00-$255.00,$245.00,$311.00,$315.00,$192.00,$192.00,$281.00,$250.00,$250.00
,,,,,,,,,,,,,,,,,,,,,,,,,,,,,,,,,,,,,,,,,,,,,,,,,,,,,,,,,,,,,,,,,,,,,,,,,,,,,,,,,,,,,,,,,,,,,,,,,,,,,,,,,
CPU 사양,,,,,,,,,,,,,,,,,,,,,,,,,,,,,,,,,,,,,,,,,,,,,,,,,,,,,,,,,,,,,,,,,,,,,,,,,,,,,,,,,,,,,,,,,,,,,,,,,,,,,,,,,
코어 수,6,6,12,8,6,6,10,10,4,4,6,6,4,6,6,6,6,6,6,6,6,6,6,6,4,4,6,6,12,10,10,10,10,10,12,10,12,8,12,12,14,14,10,10,14,14,10,14,14,10,10,12,12,14,12,10,10,12,14,10,12,12,10,12,10,14,14,12,8,10,10,12,12,12,10,10,14,10,14,14,14,14,10,10,14,14,4,4,2,4,4,6,12,6,6,6,6,6,12,12,4,4,2,4,4
총 스레드 수,6,6,16,12,12,12,16,16,8,8,6,6,8,12,12,12,12,12,12,12,12,12,12,12,8,8,12,12,16,12,12,12,12,12,16,12,16,12,16,16,20,20,16,16,20,20,16,20,20,12,12,16,16,20,16,12,16,16,20,12,16,16,16,16,12,20,20,16,12,12,12,16,16,16,12,16,20,16,20,20,20,20,16,16,20,20,4,4,4,4,4,12,16,12,12,12,12,12,16,16,4,4,4,4,4
최대 터보 주파수,4.10 GHz,3.50 GHz,4.40 GHz,4.40 GHz,4.40 GHz,4.40 GHz,4.90 GHz,4.90 GHz,4.20 GHz,4.10 GHz,4.20 GHz,3.60 GHz,4.20 GHz,4.30 GHz,4.80 GHz,3.80 GHz,3.60 GHz,4.50 GHz,4.30 GHz,4.00 GHz,4.60 GHz,4.50 GHz,3.70 GHz,4.20 GHz,4.10 GHz,4.10 GHz,4.50 GHz,4.20 GHz,4.40 GHz,4.40 GHz,4.40 GHz,4.40 GHz,4.40 GHz,4.40 GHz,,,4.60 GHz,4.40 GHz,4.50 GHz,4.50 GHz,5.1 GHz,5.1 GHz,4.60 GHz,4.60 GHz,4.8 GHz,5 GHz,4.40 GHz,4.60 GHz,4.80 GHz,4.40 GHz,4.40 GHz,4.70 GHz,4.70 GHz,4.50 GHz,4.60 GHz,4.70 GHz,4.60 GHz,4.60 GHz,4.60 GHz,4.60 GHz,4.80 GHz,4.70 GHz,4.60 GHz,4.80 GHz,4.60 GHz,4.80 GHz,4.70 GHz,4.50 GHz,4.60 GHz,4.50 GHz,4.60 GHz,4.70 GHz,4.80 GHz,4.60 GHz,4.60 GHz,4.8 GHz,4.9 GHz,4.7 GHz,5.3 GHz,4.8 GHz,5.1 GHz,5 GHz,4.7 GHz,4.5 GHz,5.3 GHz,5.2 GHz,3.60 GHz,3.30 GHz,3.00 GHz,3.40 GHz,2.70 GHz,4.40 GHz,4.50 GHz,4.30 GHz,4.50 GHz,4.60 GHz,4.80 GHz,4.60 GHz,4.50 GHz,,3.30 GHz,3.80 GHz,3.50 GHz,3.60 GHz,2.90 GHz
인텔® 터보 부스트 기술 2.0 주파수‡,4.10 GHz,3.50 GHz,,,,,,,4.20 GHz,,4.20 GHz,3.60 GHz,,4.30 GHz,4.80 GHz,3.80 GHz,3.60 GHz,4.50 GHz,4.30 GHz,4.00 GHz,4.60 GHz,,3.70 GHz,4.20 GHz,,,,,,,,,,,,,,,,,,,,,,,,,,,,,,,,,,,,,,,,,,,,,,,,,,,,,,,,,,,,,,,3.60 GHz,3.30 GHz,3.00 GHz,3.40 GHz,2.70 GHz,,,,,,,,,,3.30 GHz,3.80 GHz,3.50 GHz,3.60 GHz,2.90 GHz
프로세서 기본 주파수,3.00 GHz,2.10 GHz,,,,,,,2.50 GHz,1.60 GHz,3.00 GHz,2.20 GHz,1.60 GHz,2.90 GHz,3.30 GHz,2.30 GHz,2.00 GHz,3.10 GHz,2.90 GHz,2.40 GHz,3.20 GHz,2.50 GHz,2.30 GHz,3.10 GHz,1.50 GHz,1.50 GHz,,,,,,,,,,,,,2.70 GHz,2.50 GHz,,,,,,,,,,1.60 GHz,1.30 GHz,,,1.30 GHz,,,,1.80 GHz,2.40 GHz,,,,2.40 GHz,2.70 GHz,,,,1.80 GHz,,1.30 GHz,1.40 GHz,,2.70 GHz,1.80 GHz,1.40 GHz,,,,,,,,,,,,3.20 GHz,2.30 GHz,2.40 GHz,2.70 GHz,1.90 GHz,,,,,,,,,2.50 GHz,2.70 GHz,3.40 GHz,2.60 GHz,2.90 GHz,2.10 GHz
캐시,9 MB Intel® Smart Cache,9 MB Intel® Smart Cache,12 MB Intel® Smart Cache,12 MB Intel® Smart Cache,18 MB Intel® Smart Cache,18 MB Intel® Smart Cache,20 MB Intel® Smart Cache,20 MB Intel® Smart Cache,8 MB Intel® Smart Cache,6 MB Intel® Smart Cache,9 MB,9 MB,6 MB Intel® Smart Cache,12 MB Intel® Smart Cache,12 MB Intel® Smart Cache,12 MB Intel® Smart Cache,12 MB Intel® Smart Cache,12 MB Intel® Smart Cache,12 MB Intel® Smart Cache,12 MB Intel® Smart Cache,12 MB Intel® Smart Cache,12 MB Intel® Smart Cache,12 MB Intel® Smart Cache,12 MB Intel® Smart Cache,8 MB Intel® Smart Cache,8 MB Intel® Smart Cache,12 MB Intel® Smart Cache,18 MB Intel® Smart Cache,12 MB Intel® Smart Cache,12 MB Intel® Smart Cache,12 MB Intel® Smart Cache,12 MB Intel® Smart Cache,12 MB Intel® Smart Cache,12 MB Intel® Smart Cache,12 MB Intel® Smart Cache,12 MB Intel® Smart Cache,18 MB Intel® Smart Cache,12 MB Intel® Smart Cache,18 MB Intel® Smart Cache,18 MB Intel® Smart Cache,24 MB Intel® Smart Cache,24 MB Intel® Smart Cache,20 MB Intel® Smart Cache,20 MB Intel® Smart Cache,24 MB Intel® Smart Cache,24 MB Intel® Smart Cache,20 MB Intel® Smart Cache,24 MB Intel® Smart Cache,24 MB Intel® Smart Cache,12 MB Intel® Smart Cache,12 MB Intel® Smart Cache,12 MB Intel® Smart Cache,18 MB Intel® Smart Cache,24 MB Intel® Smart Cache,12 MB Intel® Smart Cache,12 MB Intel® Smart Cache,20 MB Intel® Smart Cache,12 MB Intel® Smart Cache,24 MB Intel® Smart Cache,12 MB Intel® Smart Cache,18 MB Intel® Smart Cache,18 MB Intel® Smart Cache,20 MB Intel® Smart Cache,18 MB Intel® Smart Cache,12 MB Intel® Smart Cache,24 MB Intel® Smart Cache,24 MB Intel® Smart Cache,12 MB Intel® Smart Cache,12 MB Intel® Smart Cache,12 MB Intel® Smart Cache,12 MB Intel® Smart Cache,18 MB Intel® Smart Cache,18 MB Intel® Smart Cache,12 MB Intel® Smart Cache,12 MB Intel® Smart Cache,20 MB Intel® Smart Cache,24 MB Intel® Smart Cache,20 MB Intel® Smart Cache,24 MB Intel® Smart Cache,24 MB Intel® Smart Cache,24 MB Intel® Smart Cache,24 MB Intel® Smart Cache,20 MB Intel® Smart Cache,20 MB Intel® Smart Cache,24 MB Intel® Smart Cache,24 MB Intel® Smart Cache,6 MB Intel® Smart Cache,6 MB Intel® Smart Cache,3 MB Intel® Smart Cache,6 MB Intel® Smart Cache,6 MB Intel® Smart Cache,18 MB Intel® Smart Cache,18 MB Intel® Smart Cache,18 MB Intel® Smart Cache,18 MB Intel® Smart Cache,18 MB Intel® Smart Cache,18 MB Intel® Smart Cache,18 MB Intel® Smart Cache,18 MB Intel® Smart Cache,18 MB Intel® Smart Cache,6 MB Intel® Smart Cache,6 MB Intel® Smart Cache,3 MB Intel® Smart Cache,6 MB,6 MB
버스 속도,8 GT/s,8 GT/s,,,,,,,8 GT/s,4 GT/s,8 GT/s,8 GT/s,4 GT/s,8 GT/s,8 GT/s,8 GT/s,8 GT/s,8 GT/s,8 GT/s,8 GT/s,8 GT/s,8 GT/s,8 GT/s,8 GT/s,4 GT/s,4 GT/s,,,,,,,,,,,,,,,,,,,,,,,,,,,,,,,,,,,,,,,,,,,,,,,,,,,,,,,,,,,,,8 GT/s,8 GT/s,4 GT/s,8 GT/s,8 GT/s,,,,,,,,,,8 GT/s,8 GT/s,4 GT/s,8 GT/s,
TDP,65 W,35 W,,,,,,,45 W,15 W,65 W,35 W,15 W,65 W,65 W,35 W,35 W,65 W,65 W,35 W,65 W,45 W,35 W,65 W,15 W,15 W,,,,,,,,,,,,,,,,,,,,,,,,15 W,15 W,,,35 W,,,,,65 W,,,,65 W,,,,,,,,15 W,,45 W,28 W,15 W,,,,,,,,,,,,65 W,35 W,15 W,45 W,25 W,,,,,,,,,,35 W,65 W,15 W,45 W,25 W
Configurable TDP-down Frequency,,1.60 GHz,,,,,,,2.00 GHz,1.10 GHz,,,800 MHz,,,1.70 GHz,1.30 GHz,,,1.90 GHz,,,,,1.10 GHz,1.10 GHz,2.10 GHz,,,,,,,,,,,,,,,,,,,,,,,,,,,,,,,,,,,,,,,,,,,,,,,,,,,,,,,,,,,,,,800 MHz,,,,,,,,,,,,1.70 GHz,,800 MHz,,
Configurable TDP-down,,25 W,,,,,,,35 W,12.5 W,,,10 W,,,25 W,25 W,,,25 W,,35 W,,,12 W,12 W,35 W,,,,,,,,,,,,,,,,,,,,,,,,,,,,,,,,,,,,,,,,,,,,,,,,,,,,,,,,,,,,,,7.5 W,,,,,,,,,,,,,,7.5 W,35 W,
# of Performance-cores,,,4,4,6,6,6,6,,,,,,,,,,,,,,,,,,,,6,4,2,2,2,2,2,4,2,4,4,4,4,6,6,6,6,6,6,6,6,6,2,2,4,4,6,4,2,6,4,6,2,4,4,6,4,2,6,6,4,4,2,2,4,4,4,2,6,6,6,6,6,6,6,6,6,6,6,,,,,,6,4,6,6,6,6,6,4,4,,,,,
# of Efficiency-cores,,,8,4,0,0,4,4,,,,,,,,,,,,,,,,,,,,0,8,8,8,8,8,8,8,8,8,4,8,8,8,8,4,4,8,8,4,8,8,8,8,8,8,8,8,8,4,8,8,8,8,8,4,8,8,8,8,8,4,8,8,8,8,8,8,4,8,4,8,8,8,8,4,4,8,8,,,,,,0,8,0,0,0,0,0,8,8,,,,,
Single P-core Turbo Frequency,,,4.40 GHz,4.40 GHz,4.40 GHz,4.40 GHz,4.90 GHz,4.90 GHz,,,,,,,,,,,,,,,,,,,,4.20 GHz,4.40 GHz,4.40 GHz,4.40 GHz,4.40 GHz,4.40 GHz,4.40 GHz,4.40 GHz,4.40 GHz,4.60 GHz,4.40 GHz,4.50 GHz,4.50 GHz,5.10 GHz,5.10 GHz,4.60 GHz,4.60 GHz,4.80 GHz,5.00 GHz,4.40 GHz,4.60 GHz,4.80 GHz,4.40 GHz,4.40 GHz,4.70 GHz,4.70 GHz,4.50 GHz,4.60 GHz,4.70 GHz,4.60 GHz,4.60 GHz,4.60 GHz,4.60 GHz,4.80 GHz,4.70 GHz,4.60 GHz,4.80 GHz,4.60 GHz,4.80 GHz,4.70 GHz,4.50 GHz,4.60 GHz,4.50 GHz,4.60 GHz,4.70 GHz,4.80 GHz,4.60 GHz,4.60 GHz,4.8 GHz,4.9 GHz,4.7 GHz,5.3 GHz,4.8 GHz,5.1 GHz,5 GHz,4.7 GHz,4.5 GHz,5.3 GHz,5.2 GHz,,,,,,4.40 GHz,4.50 GHz,4.30 GHz,4.50 GHz,4.60 GHz,4.80 GHz,4.60 GHz,4.50 GHz,4.50 GHz,,,,,
Single E-core Turbo Frequency,,,3.30 GHz,3.30 GHz,,,3.60 GHz,3.60 GHz,,,,,,,,,,,,,,,,,,,,,3.30 GHz,3.30 GHz,3.30 GHz,3.30 GHz,3.30 GHz,3.30 GHz,3.20 GHz,3.30 GHz,3.30 GHz,3.10 GHz,3.30 GHz,3.30 GHz,3.90 GHz,3.90 GHz,3.30 GHz,3.30 GHz,3.40 GHz,3.70 GHz,3.00 GHz,3.20 GHz,3.50 GHz,2.50 GHz,2.50 GHz,3.50 GHz,3.50 GHz,3.10 GHz,3.40 GHz,3.50 GHz,3.40 GHz,3.40 GHz,3.30 GHz,3.40 GHz,3.60 GHz,3.50 GHz,3.30 GHz,3.60 GHz,3.40 GHz,3.60 GHz,3.50 GHz,3.30 GHz,3.40 GHz,3.30 GHz,3.40 GHz,3.50 GHz,3.60 GHz,3.40 GHz,3.40 GHz,3.5 GHz,3.5 GHz,3.5 GHz,4 GHz,3.4 GHz,3.6 GHz,3.7 GHz,3.5 GHz,3.2 GHz,4 GHz,3.9 GHz,,,,,,,3.30 GHz,,,,,,3.30 GHz,3.30 GHz,,,,,
Processor Base Power,,,28 W,45 W,65 W,65 W,125 W,125 W,,,,,,,,,,,,,,,,,,,,35 W,28 W,15 W,15 W,15 W,9 W,9 W,28 W,15 W,55 W,55 W,45 W,45 W,125 W,125 W,65 W,65 W,35 W,65 W,35 W,35 W,65 W,15 W,15 W,28 W,45 W,35 W,28 W,15 W,55 W,28 W,65 W,15 W,45 W,45 W,65 W,45 W,15 W,55 W,55 W,28 W,45 W,15 W,15 W,45 W,45 W,28 W,15 W,55 W,55 W,65 W,125 W,35 W,35 W,65 W,65 W,35 W,125 W,65 W,,,,,,35 W,45 W,35 W,65 W,65 W,65 W,35 W,45 W,45 W,,,,,
Maximum Turbo Power,,,64 W,95 W,117 W,117 W,150 W,150 W,,,,,,,,,,,,,,,,,,,,74 W,64 W,55 W,55 W,55 W,29 W,29 W,64 W,55 W,157 W,157 W,,,181 W,181 W,148 W,148 W,92 W,154 W,82 W,92 W,154 W,,,64 W,115 W,,64 W,55 W,157 W,64 W,,55 W,95 W,95 W,,115 W,55 W,157 W,157 W,64 W,95 W,55 W,55 W,95 W,115 W,64 W,55 W,157 W,157 W,148 W,181 W,92 W,92 W,154 W,148 W,82 W,181 W,154 W,,,,,,74 W,95 W,,,117 W,117 W,74 W,95 W,115 W,,,,,
Minimum Assured Power,,,20 W,35 W,,,,,,,,,,,,,,,,,,,,,,,,,20 W,12 W,,12 W,,,20 W,12 W,45 W,45 W,35 W,35 W,,,,,,,,,,12 W,12 W,20 W,35 W,,20 W,12 W,45 W,20 W,,,35 W,35 W,,35 W,12 W,45 W,45 W,20 W,35 W,12 W,12 W,35 W,35 W,20 W,12 W,45 W,45 W,,,,,,,,,,,,,,,,35 W,,,,,,35 W,35 W,,,,,
P-core Base Frequency,,,,,2.50 GHz,2.50 GHz,3.70 GHz,3.70 GHz,,,,,,,,,,,,,,,,,,,,1.80 GHz,,,,,,,,,,,,,3.50 GHz,3.50 GHz,2.50 GHz,2.50 GHz,1.80 GHz,2.70 GHz,1.30 GHz,1.60 GHz,2.50 GHz,,,,,1.30 GHz,,,,,2.40 GHz,,,,2.40 GHz,,,,,,,,,,,,,2.4 GHz,2.6 GHz,2.5 GHz,3.5 GHz,1.7 GHz,1.8 GHz,2.6 GHz,2.5 GHz,1.5 GHz,3.5 GHz,2.7 GHz,,,,,,2.00 GHz,,1.90 GHz,2.90 GHz,3.00 GHz,3.30 GHz,2.10 GHz,,2.50 GHz,,,,,
Total L2 Cache,,,,,7.5 MB,7.5 MB,9.5 MB,9.5 MB,,,,,,,,,,,,,,,,,,,,7.5 MB,,,,,,,,,,,,,20 MB,20 MB,9.5 MB,9.5 MB,11.5 MB,11.5 MB,9.5 MB,11.5 MB,11.5 MB,,,,,11.5 MB,,,,,11.5 MB,,,,9.5 MB,,,,,,,,,,,,,,,9.5 MB,20 MB,11.5 MB,20 MB,11.5 MB,9.5 MB,9.5 MB,20 MB,20 MB,,,,,,7.5 MB,,7.5 MB,7.5 MB,7.5 MB,7.5 MB,7.5 MB,,,,,,,
E-core Base Frequency,,,,,,,2.80 GHz,2.80 GHz,,,,,,,,,,,,,,,,,,,,,,,,,,,,,,,,,2.60 GHz,2.60 GHz,1.80 GHz,1.80 GHz,1.30 GHz,2.00 GHz,1.00 GHz,1.20 GHz,1.80 GHz,,,,,1.10 GHz,,,,,1.50 GHz,,,,1.50 GHz,,,,,,,,,,,,,1.8 GHz,1.9 GHz,1.8 GHz,2.6 GHz,1.2 GHz,1.3 GHz,1.9 GHz,1.8 GHz,1.1 GHz,2.6 GHz,2 GHz,,,,,,,,,,,,,,,,,,,
Configurable TDP-up Frequency,,,,,,,,,,1.80 GHz,,,2.10 GHz,,,,,,,,,,,,2.60 GHz,2.60 GHz,2.60 GHz,,,,,,,,,,,,,,,,,,,,,,,,,,,,,,,,,,,,,,,,,,,,,,,,,,,,,,,,,,,,,,2.50 GHz,,,,,,,,,,,,,,2.70 GHz,,
Configurable TDP-up,,,,,,,,,,25 W,,,25 W,,,,,,,,,,,,28 W,28 W,45 W,,,,,,,,,,,,,,,,,,,,,,,,,,,,,,,,,,,,,,,,,,,,,,,,,,,,,,,,,,,,,,25 W,,,,,,,,,,,,,,25 W,,
Intel® Deep Learning Boost (Intel® DL Boost) on CPU,,,,,,,,,,,,,,,,,,,,,,,,,예,예,,,,,,,,,,,,,,,,,,,,,,,,,,예,예,,예,예,예,,,예,예,예,,,예,예,예,,예,예,예,,,,,Yes,Yes,,,,,,,,,,,,,,,,,,,,,,,,,,,,
Maximum Assured Power,,,,,,,,,,,,,,,,,,,,,,,,,,,,,,,,,,,35 W,28 W,,,65 W,65 W,,,,,,,,,,28 W,28 W,,,,,,,35 W,,,,,,65 W,,,,35 W,,28 W,28 W,,65 W,35 W,28 W,,,,,,,,,,,,,,,,,,,,,,,,,65 W,,,,,
Intel® Turbo Boost Max Technology 3.0 Frequency ‡,,,,,,,,,,,,,,,,,,,,,,,,,,,,,,,,,,,,,4.60 GHz,4.40 GHz,4.50 GHz,4.50 GHz,,,,,,,,,,,,,,,,,,,,,,,,,,,,,,,,,,,,,,,,,,,,,,,,,,,,,,,,,,,,,,,,,
Minimum Assured Frequency,,,,,,,,,,,,,,,,,,,,,,,,,,,,,,,,,,,,,,,,,,,,,,,,,,,,,,,,,,1.20 GHz,,,,,,1.90 GHz,,,,1.20 GHz,,800 MHz,1.00 GHz,,1.90 GHz,1.20 GHz,1.00 GHz,,,,,,,,,,,,,,,,,,,,,,,,,1.70 GHz,,,,,
Maximum Assured Frequency,,,,,,,,,,,,,,,,,,,,,,,,,,,,,,,,,,,,,,,,,,,,,,,,,,,,,,,,,,2.20 GHz,,,,,,2.90 GHz,,,,2.20 GHz,,2.50 GHz,2.50 GHz,,2.90 GHz,2.20 GHz,2.50 GHz,,,,,,,,,,,,,,,,,,,,,,,,,2.60 GHz,,,,,
# of QPI Links,,,,,,,,,,,,,,,,,,,,,,,,,,,,,,,,,,,,,,,,,,,,,,,,,,,,,,,,,,,,,,,,,,,,,,,,,,,,,,,,,,,,,,,,,,,,,,,,,,,,,0,0,,,
,,,,,,,,,,,,,,,,,,,,,,,,,,,,,,,,,,,,,,,,,,,,,,,,,,,,,,,,,,,,,,,,,,,,,,,,,,,,,,,,,,,,,,,,,,,,,,,,,,,,,,,,,
보조 정보,,,,,,,,,,,,,,,,,,,,,,,,,,,,,,,,,,,,,,,,,,,,,,,,,,,,,,,,,,,,,,,,,,,,,,,,,,,,,,,,,,,,,,,,,,,,,,,,,,,,,,,,,
상태,Launched,Launched,Launched,Launched,Launched,Launched,Launched,Launched,Launched,Launched,Launched,Launched,Launched,Launched,Launched,Launched,Launched,Launched,Launched,Launched,Launched,Launched,Launched,Launched,Launched,Launched,Launched,Launched,Launched,Launched,Launched,Launched,Launched,Launched,Launched,Launched,Launched,Launched,Launched,Launched,Launched,Launched,Launched,Launched,Launched,Launched,Launched,Launched,Launched,Launched,Launched,Launched,Launched,Launched,Launched,Launched,Launched,Launched,Launched,Launched,Launched,Launched,Launched,Launched,Launched,Launched,Launched,Launched,Launched,Launched,Launched,Launched,Launched,Launched,Launched,Launched,Launched,Launched,Launched,Launched,Launched,Launched,Launched,Launched,Launched,Launched,Launched,Launched,Launched,Launched,Launched,Launched,Launched,Launched,Launched,Launched,Launched,Launched,Launched,Launched,Launched,Launched,Launched,Launched,Launched
출시일,Q2'18,Q2'18,Q1'22,Q1'22,Q1'22,Q1'22,Q4'21,Q4'21,Q2'18,Q3'18,Q2'19,Q4'17,Q3'19,Q2'20,Q2'20,Q2'20,Q2'20,Q2'20,Q2'20,Q2'20,Q1'21,Q4'20,Q2'20,Q2'20,Q3'20,Q3'20,Q3'21,Q1'22,Q1'22,Q1'22,Q1'22,Q1'22,Q1'22,Q1'22,Q1'22,Q1'22,Q2'22,Q2'22,Q3'22,Q3'22,Q4'22,Q4'22,Q1'23,Q1'23,Q1'23,Q1'23,Q1'23,Q1'23,Q1'23,Q3'22,Q3'22,Q1'23,Q1'23,Q1'23,Q1'23,Q1'23,Q1'23,Q1'23,Q1'23,Q1'23,Q1'23,Q1'23,Q1'23,Q1'23,Q1'23,Q1'23,Q1'23,Q1'23,Q1'23,Q1'23,Q1'23,Q1'23,Q1'23,Q1'23,Q1'23,Q1'24,Q1'24,Q1'24,Q4'23,Q1'24,Q1'24,Q1'24,Q1'24,Q1'24,Q4'23,Q1'24,Q3'15,Q4'15,Q3'15,Q4'15,Q4'15,Q1'22,Q1'22,Q1'22,Q1'22,Q1'22,Q1'22,Q1'22,Q1'22,Q1'22,Q1'17,Q1'17,Q1'17,Q1'17,Q1'17
사용 가능한 임베디드 옵션,예,예,아니요,아니요,예,아니요,아니요,아니요,예,예,예,예,아니요,아니요,아니요,아니요,아니요,아니요,아니요,아니요,아니요,아니요,예,예,예,예,예,아니요,아니요,아니요,아니요,아니요,아니요,아니요,예,예,아니요,아니요,예,예,아니요,아니요,예,아니요,아니요,아니요,아니요,예,예,예,예,아니요,아니요,예,아니요,아니요,아니요,예,예,아니요,아니요,아니요,예,예,아니요,아니요,아니요,예,아니요,예,예,아니요,예,예,Yes,No,No,No,No,Yes,No,Yes,Yes,Yes,No,No,예,예,예,예,예,아니요,아니요,예,예,예,아니요,아니요,아니요,예,예,예,예,예,예
데이터시트,지금 보기,지금 보기,지금 보기,지금 보기,지금 보기,지금 보기,지금 보기,지금 보기,지금 보기,,,,지금 보기,지금 보기,지금 보기,지금 보기,지금 보기,지금 보기,지금 보기,지금 보기,지금 보기,지금 보기,지금 보기,지금 보기,,,,지금 보기,지금 보기,지금 보기,지금 보기,지금 보기,,,,,,,,,지금 보기,지금 보기,지금 보기,지금 보기,지금 보기,지금 보기,지금 보기,지금 보기,지금 보기,,,지금 보기,지금 보기,,지금 보기,지금 보기,지금 보기,,,지금 보기,지금 보기,지금 보기,,,지금 보기,지금 보기,지금 보기,,지금 보기,,,지금 보기,,,,,,,,,,,,,,,지금 보기,지금 보기,지금 보기,지금 보기,지금 보기,지금 보기,지금 보기,,,지금 보기,지금 보기,지금 보기,지금 보기,,지금 보기,지금 보기,지금 보기,지금 보기,지금 보기
Included Items,,,,,,,,,,Premium PCH,,,,,,,,,,,,,,,,,,,,,,,,,,,,,,,,,,,,,,,,,,,,,,,,,,,,,,,,,,,,,,,,,,,,,,,,,,,,,Thermal Solution - E97379,,,,,,,,,,,,,,,,,,
Description,,,,,,,,,,,,,Refer to datasheet for details on TDP spec and LPDDR support differences.,,,,,,,,,,,,,,,,,,,,,,,,,,,,,,,,,,,,,,,,,,,,,,,,,,,,,,,,,,,,,,,,,,,,,,,,,,,,,,,,,,,,,,,,,,,,
Functional Safety (FuSa) Documentation Available,,,,,,,,,,,,,,,,,,,,,,,,,예,,,,,,,,,,,,,,,,,,,,,,,,,,,,,,,,,,,,,,,,,,,,,,,,예,예,,,,,,,,,,,,,,,,,,,,,,,,,,,,,,,
Servicing Status,,,,,,,,,,,,,,,,,,,,,,,,,,,,,,,,,,,,,,,,,,,,,,,,,,,,,,,,,,,,,,,,,,,,,,,,,,,,,,,,,,,,,,,End of Servicing Lifetime,End of Servicing Lifetime,End of Servicing Lifetime,End of Servicing Lifetime,End of Servicing Lifetime,,,,,,,,,,ESU Notification Issued,ESU Notification Issued,,ESU Notification Issued,ESU Notification Issued
End of Servicing Updates Date,,,,,,,,,,,,,,,,,,,,,,,,,,,,,,,,,,,,,,,,,,,,,,,,,,,,,,,,,,,,,,,,,,,,,,,,,,,,,,,,,,,,,,,Friday |  September 30 |  2022,Friday |  September 30 |  2022,Friday |  September 30 |  2022,Friday |  September 30 |  2022,Friday |  September 30 |  2022,,,,,,,,,,Sunday |  March 31 |  2024,Sunday |  March 31 |  2024,,Sunday |  March 31 |  2024,Sunday |  March 31 |  2024
,,,,,,,,,,,,,,,,,,,,,,,,,,,,,,,,,,,,,,,,,,,,,,,,,,,,,,,,,,,,,,,,,,,,,,,,,,,,,,,,,,,,,,,,,,,,,,,,,,,,,,,,,
메모리 사양,,,,,,,,,,,,,,,,,,,,,,,,,,,,,,,,,,,,,,,,,,,,,,,,,,,,,,,,,,,,,,,,,,,,,,,,,,,,,,,,,,,,,,,,,,,,,,,,,,,,,,,,,
최대 메모리 크기(메모리 유형에 따라 다름),128 GB,128 GB,64 GB,64 GB,128 GB,128 GB,128 GB,128 GB,64 GB,64 GB,128 GB,128 GB,64 GB,128 GB,128 GB,128 GB,128 GB,128 GB,128 GB,128 GB,128 GB,128 GB,128 GB,128 GB,64 GB,64 GB,128 GB,128 GB,64 GB,64 GB,64 GB,64 GB,64 GB,64 GB,64 GB,64 GB,128 GB,128 GB,64 GB,64 GB,192 GB,192 GB,192 GB,192 GB,192 GB,192 GB,192 GB,192 GB,192 GB,64 GB,64 GB,96 GB,64 GB,128 GB,96 GB,96 GB,192 GB,64 GB,128 GB,96 GB,96 GB,96 GB,128 GB,64 GB,96 GB,192 GB,192 GB,64 GB,96 GB,64 GB,64 GB,96 GB,64 GB,64 GB,64 GB,192 GB,192 GB,192 GB,192 GB,192 GB,192 GB,192 GB,192 GB,192 GB,192 GB,192 GB,64 GB,64 GB,32 GB,64 GB,64 GB,128 GB,64 GB,128 GB,128 GB,128 GB,128 GB,128 GB,64 GB,64 GB,64 GB,64 GB,32 GB,64 GB,64 GB
메모리 유형,DDR4-2666,DDR4-2666,Up to DDR5 4800 MT/s Up to DDR4 3200 MT/s Up to LPDDR5 5200 MT/s Up to LPDDR4x 4267 MT/s,Up to DDR5 4800 MT/s Up to DDR4 3200 MT/s Up to LPDDR5 5200 MT/s Up to LPDDR4x 4267 MT/s,Up to DDR5 4800 MT/s Up to DDR4 3200 MT/s,Up to DDR5 4800 MT/s Up to DDR4 3200 MT/s,Up to DDR5 4800 MT/s Up to DDR4 3200 MT/s,Up to DDR5 4800 MT/s Up to DDR4 3200 MT/s,DDR4-2666 |  LPDDR3-2133,DDR4-2400 |  LPDDR3-2133,DDR4-2666,DDR4-2666,DDR4-2666 |  LPDDR3-2133 |  LPDDR4-2933,DDR4-2666,DDR4-2666,DDR4-2666,DDR4-2666,DDR4-2666,DDR4-2666,DDR4-2666,DDR4-2666,DDR4-2933,DDR4-2666,DDR4-2666,DDR4-3200 |  LPDDR4x-4267 |  In-Band ECC,DDR4-3200 |  LPDDR4x-4267,DDR4-3200,Up to DDR5 4800 MT/s Up to DDR4 3200 MT/s,Up to DDR5 4800 MT/s Up to DDR4 3200 MT/s Up to LPDDR5 5200 MT/s Up to LPDDR4x 4267 MT/s,Up to DDR5 4800 MT/s Up to DDR4 3200 MT/s Up to LPDDR5 5200 MT/s Up to LPDDR4x 4267 MT/s,Up to DDR5 4800 MT/s Up to DDR4 3200 MT/s Up to LPDDR5 5200 MT/s Up to LPDDR4x 4267 MT/s,Up to DDR5 4800 MT/s Up to DDR4 3200 MT/s Up to LPDDR5 5200 MT/s Up to LPDDR4x 4267 MT/s,Up to LPDDR5 5200 MT/s Up to LPDDR4x 4267 MT/s,Up to LPDDR5 5200 MT/s Up to LPDDR4x 4267 MT/s,Up to DDR5 4800 MT/s Up to DDR4 3200 MT/s Up to LPDDR5 5200 MT/s Up to LPDDR4x 4267 MT/s,Up to DDR5 4800 MT/s Up to DDR4 3200 MT/s Up to LPDDR5 5200 MT/s Up to LPDDR4x 4267 MT/s,Up to DDR5 4800 MT/s Up to DDR4 3200 MT/s,Up to DDR5 4800 MT/s Up to DDR4 3200 MT/s,Up to DDR5 4800 MT/s Up to DDR4 3200 MT/s,Up to DDR5 4800 MT/s Up to DDR4 3200 MT/s,Up to DDR5 5600 MT/s Up to DDR4 3200 MT/s,Up to DDR5 5600 MT/s Up to DDR4 3200 MT/s,Up to DDR5 4800 MT/s Up to DDR4 3200 MT/s,Up to DDR5 4800 MT/s Up to DDR4 3200 MT/s,Up to DDR5 5600 MT/s Up to DDR4 3200 MT/s,Up to DDR5 5600 MT/s Up to DDR4 3200 MT/s,Up to DDR5 4800 MT/s Up to DDR4 3200 MT/s,Up to DDR5 4800 MT/s Up to DDR4 3200 MT/s,Up to DDR5 4800 MT/s Up to DDR4 3200 MT/s,Up to DDR5 4800 MT/s Up to DDR4 3200 MT/s,Up to DDR5 4800 MT/s Up to DDR4 3200 MT/s,Up to DDR5 5200 MT/s Up to DDR4 3200 MT/s Up to LPDDR5/x 6400 MT/s Up to LPDDR4x 4267 MT/s,Up to DDR5 5200 MT/s Up to DDR4 3200 MT/s Up to LPDDR5/x 6400 MT/s Up to LPDDR4x 4267 MT/s,Up to DDR5 4800 MT/s Up to DDR4 3200 MT/s,Up to DDR5 5200 MT/s Up to DDR4 3200 MT/s Up to LPDDR5/x 6400 MT/s Up to LPDDR4x 4267 MT/s,Up to DDR5 5200 MT/s Up to DDR4 3200 MT/s Up to LPDDR5/x 6400 MT/s Up to LPDDR4x 4267 MT/s,Up to DDR5 4800 MT/s Up to DDR4 3200 MT/s,Up to DDR5 5200 MT/s Up to DDR4 3200 MT/s Up to LPDDR5/x 6400 MT/s Up to LPDDR4x 4267 MT/s,Up to DDR5 4800 MT/s Up to DDR4 3200 MT/s,Up to DDR5 5200 MT/s Up to DDR4 3200 MT/s Up to LPDDR5/x 5200MT/s Up to LPDDR4x 4267 MT/s,Up to DDR5 5200 MT/s Up to DDR4 3200 MT/s Up to LPDDR5/x 6400 MT/s Up to LPDDR4x 4267 MT/s,Up to DDR5 5200 MT/s Up to DDR4 3200 MT/s Up to LPDDR4x 4267 MT/s,Up to DDR5 4800 MT/s Up to DDR4 3200 MT/s,Up to DDR5 5200 MT/s Up to DDR4 3200 MT/s Up to LPDDR5/x 6400 MT/s Up to LPDDR4x 4267 MT/s,Up to DDR5 5200 MT/s Up to DDR4 3200 MT/s Up to LPDDR5/x 6400 MT/s Up to LPDDR4x 4267 MT/s,Up to DDR5 4800 MT/s Up to DDR4 3200 MT/s,Up to DDR5 4800 MT/s Up to DDR4 3200 MT/s,Up to DDR5 5200 MT/s Up to DDR4 3200 MT/s Up to LPDDR5/x 6400 MT/s Up to LPDDR4x 4267 MT/s,Up to DDR5 5200 MT/s Up to DDR4 3200 MT/s Up to LPDDR5/x 5200 MT/s Up to LPDDR4x 4267 MT/s,Up to DDR5 5200 MT/s Up to DDR4 3200 MT/s Up to LPDDR5/x 6400 MT/s Up to LPDDR4x 4267 MT/s,Up to DDR5 5200 MT/s Up to DDR4 3200 MT/s Up to LPDDR5/x 6400 MT/s Up to LPDDR4x 4267 MT/s,Up to DDR5 5200 MT/s Up to DDR4 3200 MT/s Up to LPDDR5/x 6400 MT/s Up to LPDDR4x 4267 MT/s,Up to DDR5 5200 MT/s Up to DDR4 3200 MT/s Up to LPDDR5/x 6400 MT/s Up to LPDDR4x 4267 MT/s,Up to DDR5 5200 MT/s Up to DDR4 3200 MT/s Up to LPDDR5/x 6400 MT/s Up to LPDDR4x 4267 MT/s,Up to DDR5 5200 MT/s Up to DDR4 3200 MT/s Up to LPDDR5/x 6400 MT/s Up to LPDDR4x 4267 MT/s,Up to DDR5 5600 MT/s Up to DDR4 3200 MT/s,Up to DDR5 5600 MT/s Up to DDR4 3200 MT/s,Up to DDR5 4800 MT/s Up to DDR4 3200 MT/s,Up to DDR5 5600 MT/s Up to DDR4 3200 MT/s,Up to DDR5 4800 MT/s Up to DDR4 3200 MT/s,Up to DDR5 5600 MT/s Up to DDR4 3200 MT/s,Up to DDR5 4800 MT/s Up to DDR4 3200 MT/s,Up to DDR5 4800 MT/s Up to DDR4 3200 MT/s,Up to DDR5 4800 MT/s Up to DDR4 3200 MT/s,Up to DDR5 5600 MT/s Up to DDR4 3200 MT/s,Up to DDR5 5600 MT/s Up to DDR4 3200 MT/s,DDR4-1866/2133 |  DDR3L-1333/1600 @ 1.35V,DDR4-1866/2133 |  DDR3L-1333/1600 @ 1.35V,DDR4-2133 |  LPDDR3-1866 |  DDR3L-1600,DDR4-2133 |  LPDDR3-1866 |  DDR3L-1600,DDR4-2133 |  LPDDR3-1866 |  DDR3L-1600,Up to DDR5 4800 MT/s Up to DDR4 3200 MT/s,Up to DDR5 4800 MT/s Up to DDR4 3200 MT/s Up to LPDDR5 5200 MT/s Up to LPDDR4x 4267 MT/s,Up to DDR5 4800 MT/s Up to DDR4 3200 MT/s,Up to DDR5 4800 MT/s Up to DDR4 3200 MT/s,Up to DDR5 4800 MT/s Up to DDR4 3200 MT/s,Up to DDR5 4800 MT/s Up to DDR4 3200 MT/s,Up to DDR5 4800 MT/s Up to DDR4 3200 MT/s,Up to DDR5 4800 MT/s Up to DDR4 3200 MT/s Up to LPDDR5 5200 MT/s Up to LPDDR4x 4267 MT/s,Up to DDR5 4800 MT/s Up to DDR4 3200 MT/s Up to LPDDR5 5200 MT/s Up to LPDDR4x 4267 MT/s,DDR4-2133/2400 |  DDR3L-1333/1600 @ 1.35V,DDR4-2133/2400 |  DDR3L-1333/1600 @ 1.35V,DDR4-2133 |  LPDDR3-1866 |  DDR3L-1600,DDR4-2400,DDR4-2400
최대 메모리 채널 수,2,2,2,2,2,2,2,2,2,2,2,2,2,2,2,2,2,2,2,2,2,2,2,2,2,2,2,2,2,2,2,2,2,2,2,2,2,2,2,2,2,2,2,2,2,2,2,2,2,2,2,2,2,2,2,2,2,2,2,2,2,2,2,2,2,2,2,2,2,2,2,2,2,2,2,2,2,2,2,2,2,2,2,2,2,2,2,2,2,2,2,2,2,2,2,2,2,2,2,2,2,2,2,2,2
최대 메모리 대역폭,41.6 GB/s,41.6 GB/s,,,76.8 GB/s,76.8 GB/s,76.8 GB/s,76.8 GB/s,41.8 GB/s,37.5 GB/s,41.6 GB/s,41.6 GB/s,45.8 GB/s,41.6 GB/s,41.6 GB/s,41.6 GB/s,41.6 GB/s,41.6 GB/s,41.6 GB/s,41.6 GB/s,41.6 GB/s,45.8 GB/s,41.6 GB/s,41.6 GB/s,,,,76.8 GB/s,,,,,,,,,76.8 GB/s,76.8 GB/s,,,89.6 GB/s,89.6 GB/s,76.8 GB/s,76.8 GB/s,89.6 GB/s,89.6 GB/s,76.8 GB/s,76.8 GB/s,76.8 GB/s,,,,,76.8 GB/s,,,76.8 GB/s,,76.8 GB/s,,,,76.8 GB/s,,,76.8 GB/s,76.8 GB/s,,,,,,,,,89.6 GB/s,89.6 GB/s,76.8 GB/s,89.6 GB/s,76.8 GB/s,89.6 GB/s,76.8 GB/s,76.8 GB/s,76.8 GB/s,89.6 GB/s,89.6 GB/s,34.1 GB/s,34.1 GB/s,34.1 GB/s,34.1 GB/s,34.1 GB/s,76.8 GB/s,,76.8 GB/s,76.8 GB/s,76.8 GB/s,76.8 GB/s,76.8 GB/s,,,,,34.1 GB/s,37.5 GB/s,34.1 GB/s
ECC 메모리 지원 ‡,아니요,아니요,아니요,아니요,,,예,,아니요,아니요,아니요,아니요,아니요,아니요,아니요,아니요,아니요,아니요,아니요,아니요,아니요,아니요,아니요,아니요,예,아니요,아니요,,아니요,아니요,아니요,아니요,아니요,아니요,아니요,아니요,예,아니요,아니요,아니요,예,,,,예,예,,예,예,아니요,아니요,아니요,아니요,예,아니요,아니요,,아니요,예,아니요,아니요,아니요,예,아니요,아니요,예,,아니요,아니요,아니요,아니요,아니요,예,예,Yes,,,,,Yes,Yes,Yes,,,Yes,Yes,아니요,아니요,아니요,아니요,아니요,예,아니요,예,예,예,예,예,아니요,아니요,아니요,아니요,아니요,아니요,아니요
,,,,,,,,,,,,,,,,,,,,,,,,,,,,,,,,,,,,,,,,,,,,,,,,,,,,,,,,,,,,,,,,,,,,,,,,,,,,,,,,,,,,,,,,,,,,,,,,,,,,,,,,,
GPU Specifications,,,,,,,,,,,,,,,,,,,,,,,,,,,,,,,,,,,,,,,,,,,,,,,,,,,,,,,,,,,,,,,,,,,,,,,,,,,,,,,,,,,,,,,,,,,,,,,,,,,,,,,,,
GPU 이름 ‡,Intel® UHD Graphics 630,Intel® UHD Graphics 630,Intel® Iris® Xe Graphics eligible,Intel® UHD Graphics for 12th Gen Intel® Processors,Intel® UHD Graphics 730,,Intel® UHD Graphics 770,,Intel® UHD Graphics 630,Intel® UHD Graphics 620,Intel® UHD Graphics 630,Intel® UHD Graphics 630,Intel® UHD Graphics for 10th Gen Intel® Processors,Intel® UHD Graphics 630,Intel® UHD Graphics 630,Intel® UHD Graphics 630,Intel® UHD Graphics 630,Intel® UHD Graphics 630,,Intel® UHD Graphics 630,Intel® UHD Graphics 630,Intel® UHD Graphics for 10th Gen Intel® Processors,Intel® UHD Graphics 630,Intel® UHD Graphics 630,Intel® Iris® Xe Graphics,Intel® Iris® Xe Graphics,Intel® UHD Graphics for 11th Gen Intel® Processors,Intel® UHD Graphics 730,Intel® Iris® Xe Graphics eligible,Intel® Iris® Xe Graphics eligible,Intel® Iris® Xe Graphics eligible,Intel® Iris® Xe Graphics eligible,Intel® Iris® Xe Graphics eligible,Intel® Iris® Xe Graphics eligible,Intel® Iris® Xe Graphics eligible,Intel® Iris® Xe Graphics eligible,Intel® UHD Graphics for 12th Gen Intel® Processors,Intel® UHD Graphics for 12th Gen Intel® Processors,Intel® Iris® Xe Graphics eligible,Intel® Iris® Xe Graphics eligible,Intel® UHD Graphics 770,,Intel® UHD Graphics 730,,Intel® UHD Graphics 770,Intel® UHD Graphics 770,Intel® UHD Graphics 730,Intel® UHD Graphics 770,Intel® UHD Graphics 770,Intel® Iris® Xe Graphics eligible,Intel® Iris® Xe Graphics eligible,Intel® Iris® Xe Graphics eligible,Intel® Iris® Xe Graphics eligible,Intel® UHD Graphics 770,Intel® Iris® Xe Graphics eligible,Intel® Iris® Xe Graphics eligible,Intel® UHD Graphics for 13th Gen Intel® Processors,Intel® Iris® Xe Graphics eligible,Intel® UHD Graphics 770,Intel® Iris® Xe Graphics eligible,Intel® Iris® Xe Graphics eligible,Intel® Iris® Xe Graphics eligible,Intel® UHD Graphics 730,Intel® Iris® Xe Graphics eligible,Intel® Iris® Xe Graphics eligible,Intel® UHD Graphics for 13th Gen Intel® Processors,Intel® UHD Graphics for 13th Gen Intel® Processors,Intel® Iris® Xe Graphics eligible,Intel® UHD Graphics for 13th Gen Intel® Processors,Intel® Iris® Xe Graphics eligible,Intel® Iris® Xe Graphics eligible,Intel® Iris® Xe Graphics eligible,Intel® Iris® Xe Graphics eligible,Intel® Iris® Xe Graphics eligible,Intel® Iris® Xe Graphics eligible,Intel® UHD Graphics for 14th Gen Intel® Processors,Intel® UHD Graphics for 14th Gen Intel® Processors,,,Intel® UHD Graphics 770,Intel® UHD Graphics 770,Intel® UHD Graphics 770,Intel® UHD Graphics 730,Intel® UHD Graphics 730,Intel® UHD Graphics 770,Intel® UHD Graphics 770,Intel® HD Graphics 530,Intel® HD Graphics 530,Intel® HD Graphics 520,Intel® HD Graphics 530,Intel® HD Graphics 530,Intel® UHD Graphics 770,Intel® Iris® Xe Graphics eligible,Intel® UHD Graphics 770,Intel® UHD Graphics 770,Intel® UHD Graphics 770,Intel® UHD Graphics 770,Intel® UHD Graphics 770,Intel® Iris® Xe Graphics eligible,Intel® Iris® Xe Graphics eligible,Intel® HD Graphics 630,Intel® HD Graphics 630,Intel® HD Graphics 620,Intel® HD Graphics 630,Intel® HD Graphics 630
그래픽 기본 주파수,350 MHz,350 MHz,,,300 MHz,,300 MHz,,350 MHz,300 MHz,350 MHz,350 MHz,300 MHz,350 MHz,350 MHz,350 MHz,350 MHz,350 MHz,,350 MHz,350 MHz,350 MHz,350 MHz,350 MHz,,,350 MHz,300 MHz,,,,,,,,,,,,,300 MHz,,300 MHz,,300 MHz,300 MHz,300 MHz,300 MHz,300 MHz,,,,,300 MHz,,,,,300 MHz,,,,300 MHz,,,,,,,,,,,,,,,,,,300 MHz,,,,300 MHz,300 MHz,350 MHz,350 MHz,300 MHz,350 MHz,350 MHz,300 MHz,,300 MHz,300 MHz,300 MHz,300 MHz,300 MHz,,,350 MHz,350 MHz,300 MHz,350 MHz,350 MHz
그래픽 최대 동적 주파수,1.10 GHz,1.10 GHz,1.30 GHz,1.20 GHz,1.45 GHz,,1.45 GHz,,1.10 GHz,1.05 GHz,1.10 GHz,1.10 GHz,1.10 GHz,1.10 GHz,1.20 GHz,1.15 GHz,1.10 GHz,1.15 GHz,,1.20 GHz,1.20 GHz,1.05 GHz,1.15 GHz,1.15 GHz,1.30 GHz,1.30 GHz,1.35 GHz,1.45 GHz,1.40 GHz,1.20 GHz,1.20 GHz,1.20 GHz,900 MHz,850 MHz,1.30 GHz,1.20 GHz,1.35 GHz,1.30 GHz,1.40 GHz,1.40 GHz,1.50 GHz,,1.55 GHz,,1.55 GHz,1.55 GHz,1.55 GHz,1.55 GHz,1.55 GHz,1.25 GHz,1.20 GHz,1.50 GHz,1.45 GHz,1.55 GHz,1.45 GHz,1.25 GHz,1.45 GHz,1.40 GHz,1.55 GHz,1.25 GHz,1.50 GHz,1.45 GHz,1.55 GHz,1.40 GHz,1.25 GHz,1.50 GHz,1.50 GHz,1.35 GHz,1.40 GHz,1.25 GHz,1.25 GHz,1.45 GHz,1.40 GHz,1.40 GHz,1.25 GHz,1.5 GHz,1.55 GHz,,,1.55 GHz,1.55 GHz,1.55 GHz,1.55 GHz,1.55 GHz,1.55 GHz,1.55 GHz,1.05 GHz,1.00 GHz,1.00 GHz,1.00 GHz,1.00 GHz,1.45 GHz,1.30 GHz,1.45 GHz,1.45 GHz,1.45 GHz,1.45 GHz,1.45 GHz,1.40 GHz,1.30 GHz,1.10 GHz,1.10 GHz,1.10 GHz,1.00 GHz,1.00 GHz
그래픽 비디오 최대 메모리,64 GB,64 GB,,,,,,,64 GB,32 GB,128 GB,128 GB,32 GB,64 GB,64 GB,64 GB,64 GB,64 GB,,64 GB,64 GB,,64 GB,64 GB,,,,,,,,,,,,,,,,,,,,,,,,,,,,,,,,,,,,,,,,,,,,,,,,,,,,,,,,,,,,,,,64 GB,64 GB,32 GB,64 GB,64 GB,,,,,,,,,,64 GB,64 GB,32 GB,64 GB,64 GB
4K 지원,Yes |  at 60Hz,Yes |  at 60Hz,,,,,,,Yes |  at 60Hz,Yes |  at 60Hz,Yes |  at 60Hz,Yes |  at 60Hz,Yes |  at 60Hz,Yes |  at 60Hz,Yes |  at 60Hz,Yes |  at 60Hz,Yes |  at 60Hz,Yes |  at 60Hz,,Yes |  at 60Hz,Yes |  at 60Hz,Yes |  at 60Hz,Yes |  at 60Hz,Yes |  at 60Hz,,,,,,,,,,,,,,,,,,,,,,,,,,,,,,,,,,,,,,,,,,,,,,,,,,,,,,,,,,,,,,,Yes |  at 60Hz,Yes |  at 60Hz,Yes |  at 60Hz,Yes |  at 60Hz,Yes |  at 60Hz,,,,,,,,,,Yes |  at 60Hz,Yes |  at 60Hz,Yes |  at 60Hz,Yes |  at 60Hz,Yes |  at 60Hz
최대 해상도(HDMI)‡,4096x2304@24Hz,4096x2304@24Hz,4096 x 2304 @ 60Hz,4096 x 2304 @ 60Hz,4096 x 2160 @ 60Hz,,4096 x 2160 @ 60Hz,,4096x2304@30Hz,4096x2304@24Hz,4096 x 2160@30Hz,4096 x 2160@30Hz,4096 x 2304@24Hz,4096 x 2160@30Hz,4096 x 2160@30Hz,4096 x 2160@30Hz,4096 x 2160@30Hz,4096 x 2160@30Hz,,4096 x 2160@30Hz,4096 x 2160@30Hz,4096 x 2304@30Hz,4096 x 2160@30Hz,4096 x 2160@30Hz,4096x2304@60Hz,4096x2304@60Hz,4096x2304@60Hz,4096 x 2160 @ 60Hz,4096 x 2304 @ 60Hz,4096 x 2304 @ 60Hz,4096 x 2304 @ 60Hz,4096 x 2304 @ 60Hz,4096 x 2304 @ 60Hz,4096 x 2304 @ 60Hz,4096 x 2304 @ 60Hz,4096 x 2304 @ 60Hz,4096 x 2304 @ 60Hz,4096 x 2304 @ 60Hz,4096 x 2304 @ 60Hz,4096 x 2304 @ 60Hz,4096 x 2160 @ 60Hz,,4096 x 2160 @ 60Hz,,4096 x 2160 @ 60Hz,4096 x 2160 @ 60Hz,4096 x 2160 @ 60Hz,4096 x 2160 @ 60Hz,4096 x 2160 @ 60Hz,4096 x 2304 @ 60Hz,4096 x 2304 @ 60Hz,4096 x 2304 @ 60Hz,4096 x 2304 @ 60Hz,4096 x 2160 @ 60Hz,4096 x 2304 @ 60Hz,4096 x 2304 @ 60Hz,4096 x 2160 @ 60Hz,4096 x 2304 @ 60Hz,4096 x 2160 @ 60Hz,4096 x 2304 @ 60Hz,4096 x 2304 @ 60Hz,4096 x 2304 @ 60Hz,4096 x 2160 @ 60Hz,4096 x 2304 @ 60Hz,4096 x 2304 @ 60Hz,4096 x 2160 @ 60Hz,4096 x 2160 @ 60Hz,4096 x 2304 @ 60Hz,4096 x 2304 @ 60Hz,4096 x 2304 @ 60Hz,4096 x 2304 @ 60Hz,4096 x 2304 @ 60Hz,4096 x 2304 @ 60Hz,4096 x 2304 @ 60Hz,4096 x 2304 @ 60Hz,4096 x 2160 @ 60Hz,4096 x 2160 @ 60Hz,,,4096 x 2160 @ 60Hz,4096 x 2160 @ 60Hz,4096 x 2160 @ 60Hz,4096 x 2160 @ 60Hz,4096 x 2160 @ 60Hz,4096 x 2160 @ 60Hz,4096 x 2160 @ 60Hz,4096x2304@24Hz,4096x2304@24Hz,4096x2304@24Hz,4096x2304@24Hz,4096x2304@24Hz,4096 x 2160 @ 60Hz,4096 x 2304 @ 60Hz,4096 x 2160 @ 60Hz,4096 x 2160 @ 60Hz,4096 x 2160 @ 60Hz,4096 x 2160 @ 60Hz,4096 x 2160 @ 60Hz,4096 x 2304 @ 60Hz,4096 x 2304 @ 60Hz,4096x2304@24Hz,4096x2304@24Hz,4096x2304@24Hz,4096x2304@30Hz,4096x2304@30Hz
최대 해상도(DP)‡,4096x2304@60Hz,4096x2304@60Hz,7680 x 4320 @ 60Hz,7680 x 4320 @ 60Hz,7680 x 4320 @ 60Hz,,7680 x 4320 @ 60Hz,,4096x2304@60Hz,4096x2304@60Hz,4096 x 2304@60Hz,4096 x 2304@60Hz,4096 x 2304@60Hz,4096 x 2304@60Hz,4096 x 2304@60Hz,4096 x 2304@60Hz,4096 x 2304@60Hz,4096 x 2304@60Hz,,4096 x 2304@60Hz,4096 x 2304@60Hz,4096 x 2304@60Hz,4096 x 2304@60Hz,4096 x 2304@60Hz,7680x4320@60Hz,7680x4320@60Hz,7680x4320@60Hz,7680 x 4320 @ 60Hz,7680 x 4320 @ 60Hz,7680 x 4320 @ 60Hz,7680 x 4320 @ 60Hz,7680 x 4320 @ 60Hz,7680 x 4320 @ 60Hz,7680 x 4320 @ 60Hz,7680 x 4320 @ 60Hz,7680 x 4320 @ 60Hz,7680 x 4320 @ 60Hz,7680 x 4320 @ 60Hz,7680 x 4320 @ 60Hz,7680 x 4320 @ 60Hz,7680 x 4320 @ 60Hz,,7680 x 4320 @ 60Hz,,7680 x 4320 @ 60Hz,7680 x 4320 @ 60Hz,7680 x 4320 @ 60Hz,7680 x 4320 @ 60Hz,7680 x 4320 @ 60Hz,7680 x 4320 @ 60Hz,7680 x 4320 @ 60Hz,7680 x 4320 @ 60Hz,7680 x 4320 @ 60Hz,7680 x 4320 @ 60Hz,7680 x 4320 @ 60Hz,7680 x 4320 @ 60Hz,7680 x 4320 @ 60Hz,7680 x 4320 @ 60Hz,7680 x 4320 @ 60Hz,7680 x 4320 @ 60Hz,7680 x 4320 @ 60Hz,7680 x 4320 @ 60Hz,7680 x 4320 @ 60Hz,7680 x 4320 @ 60Hz,7680 x 4320 @ 60Hz,7680 x 4320 @ 60Hz,7680 x 4320 @ 60Hz,7680 x 4320 @ 60Hz,7680 x 4320 @ 60Hz,7680 x 4320 @ 60Hz,7680 x 4320 @ 60Hz,7680 x 4320 @ 60Hz,7680 x 4320 @ 60Hz,7680 x 4320 @ 60Hz,7680 x 4320 @ 60Hz,7680 x 4320 @ 60Hz,7680 x 4320 @ 60Hz,,,7680 x 4320 @ 60Hz,7680 x 4320 @ 60Hz,7680 x 4320 @ 60Hz,7680 x 4320 @ 60Hz,7680 x 4320 @ 60Hz,7680 x 4320 @ 60Hz,7680 x 4320 @ 60Hz,4096x2304@60Hz,4096x2304@60Hz,4096x2304@60Hz,4096x2304@60Hz,4096x2304@60Hz,7680 x 4320 @ 60Hz,7680 x 4320 @ 60Hz,7680 x 4320 @ 60Hz,7680 x 4320 @ 60Hz,7680 x 4320 @ 60Hz,7680 x 4320 @ 60Hz,7680 x 4320 @ 60Hz,7680 x 4320 @ 60Hz,7680 x 4320 @ 60Hz,4096x2304@60Hz,4096x2304@60Hz,4096x2304@60Hz,4096x2304@60Hz,4096x2304@60Hz
최대 해상도(eDP - 통합 평판),4096x2304@60Hz,4096x2304@60Hz,4096 x 2304 @ 120Hz,4096 x 2304 @ 120Hz,5120 x 3200 @ 120Hz,,5120 x 3200 @ 120Hz,,4096x2304@60Hz,4096x2304@60Hz,4096 x 2304@60Hz,4096 x 2304@60Hz,4096 x 2304@60Hz,4096 x 2304@60Hz,4096 x 2304@60Hz,4096 x 2304@60Hz,4096 x 2304@60Hz,4096 x 2304@60Hz,,4096 x 2304@60Hz,4096 x 2304@60Hz,4096 x 2304@60Hz,4096 x 2304@60Hz,4096 x 2304@60Hz,4096x2304@60Hz,4096x2304@60Hz,4096x2304@60Hz,5120 x 3200 @ 120Hz,4096 x 2304 @ 120Hz,4096 x 2304 @ 120Hz,4096 x 2304 @ 120Hz,4096 x 2304 @ 120Hz,4096 x 2304 @ 120Hz,4096 x 2304 @ 120Hz,4096 x 2304 @ 120Hz,4096 x 2304 @ 120Hz,5120 x 3200 @ 120Hz,5120 x 3200 @ 120Hz,4096 x 2304 @ 120Hz,4096 x 2304 @ 120Hz,5120 x 3200 @ 120Hz,,5120 x 3200 @ 120Hz,,5120 x 3200 @ 120Hz,5120 x 3200 @ 120Hz,5120 x 3200 @ 120Hz,5120 x 3200 @ 120Hz,5120 x 3200 @ 120Hz,4096 x 2304 @ 120Hz,4096 x 2304 @ 120Hz,4096 x 2304 @ 120Hz,4096 x 2304 @ 120Hz,5120 x 3200 @ 120Hz,4096 x 2304 @ 120Hz,4096 x 2304 @ 120Hz,5120 x 3200 @ 120Hz,4096 x 2304 @ 120Hz,5120 x 3200 @ 120Hz,4096 x 2304 @ 120Hz,4096 x 2304 @ 120Hz,4096 x 2304 @ 120Hz,5120 x 3200 @ 120Hz,4096 x 2304 @ 120Hz,4096 x 2304 @ 120Hz,5120 x 3200 @ 120Hz,5120 x 3200 @ 120Hz,4096 x 2304 @ 120Hz,4096 x 2304 @ 120Hz,4096 x 2304 @ 120Hz,4096 x 2304 @ 120Hz,4096 x 2304 @ 120Hz,4096 x 2304 @ 120Hz,4096 x 2304 @ 120Hz,4096 x 2304 @ 120Hz,5120 x 3200 @ 120Hz,5120 x 3200 @ 120Hz,,,5120 x 3200 @ 120Hz,5120 x 3200 @ 120Hz,5120 x 3200 @ 120Hz,5120 x 3200 @ 120Hz,5120 x 3200 @ 120Hz,5120 x 3200 @ 120Hz,5120 x 3200 @ 120Hz,4096x2304@60Hz,4096x2304@60Hz,4096x2304@60Hz,4096x2304@60Hz,4096x2304@60Hz,5120 x 3200 @ 120Hz,4096 x 2304 @ 120Hz,5120 x 3200 @ 120Hz,5120 x 3200 @ 120Hz,5120 x 3200 @ 120Hz,5120 x 3200 @ 120Hz,5120 x 3200 @ 120Hz,4096 x 2304 @ 120Hz,4096 x 2304 @ 120Hz,4096x2304@60Hz,4096x2304@60Hz,4096x2304@60Hz,4096x2304@60Hz,4096x2304@60Hz
DirectX* 지원,12,12,12.1,12.1,12,,12,,12,12,12,12,12,12,12,12,12,12,,12,12,12,12,12,12.1,12.1,12.1,12,12.1,12.1,12.1,12.1,12.1,12.1,12.1,12.1,12.1,12.1,12.1,12.1,12,,12,,12,12,12,12,12,12.1,12.1,12.1,12.1,12,12.1,12.1,12.1,12.1,12,12.1,12.1,12.1,12,12.1,12.1,12.1,12.1,12.1,12.1,12.1,12.1,12.1,12.1,12.1,12.1,12.1,12.1,,,12,12,12,12,12,12,12,12,12,12,12,12,12,12.1,12,12,12,12,12,12.1,12.1,12,12,12,12,12
OpenGL* 지원,4.5,4.5,4.6,4.6,4.5,,4.5,,4.5,4.5,4.5,4.5,4.5,4.5,4.5,4.5,4.5,4.5,,4.5,4.5,4.5,4.5,4.5,4.6,4.6,4.6,4.5,4.6,4.6,4.6,4.6,4.6,4.6,4.6,4.6,4.6,4.6,4.6,4.6,4.5,,4.5,,4.5,4.5,4.5,4.5,4.5,4.6,4.6,4.6,4.6,4.5,4.6,4.6,4.6,4.6,4.5,4.6,4.6,4.6,4.5,4.6,4.6,4.6,4.6,4.6,4.6,4.6,4.6,4.6,4.6,4.6,4.6,4.6,4.6,,,4.5,4.5,4.5,4.5,4.5,4.5,4.5,4.5,4.5,4.5,4.5,4.5,4.5,4.6,4.5,4.5,4.5,4.5,4.5,4.6,4.6,4.5,4.5,4.5,4.5,4.5
인텔® 퀵 싱크 비디오,예,예,예,예,예,,예,,예,예,예,예,예,예,예,예,예,예,,예,예,예,예,예,예,예,예,예,예,예,예,예,예,예,예,예,예,예,예,예,예,,예,,예,예,예,예,예,예,예,예,예,예,예,예,예,예,예,예,예,예,예,예,예,예,예,예,예,예,예,예,예,예,Yes,Yes,Yes,,,Yes,Yes,Yes,Yes,Yes,Yes,Yes,예,예,예,예,예,예,예,예,예,예,예,예,예,예,예,예,예,예,예
인텔® InTru™ 3D 기술,예,예,,,,,,,예,,예,예,,예,예,예,예,예,,예,예,,예,예,,,,,,,,,,,,,,,,,,,,,,,,,,,,,,,,,,,,,,,,,,,,,,,,,,,,,,,,,,,,,,,예,예,예,예,예,,,,,,,,,,예,예,,예,예
인텔® 클리어 비디오 HD 기술,예,예,,,예,,예,,예,예,예,예,예,예,예,예,예,예,,예,예,,예,예,예,예,,예,,,,,,,,,,,,,예,,예,,예,예,예,예,예,,,,,예,,,,,예,,,,예,,,,,,,,,,,,,,,,,Yes,Yes,Yes,Yes,Yes,Yes,Yes,예,예,예,예,예,예,,예,예,예,예,예,,,예,예,예,예,예
인텔® 클리어 비디오 기술,예,예,,,,,,,예,예,예,예,예,예,예,예,예,예,,예,예,,예,예,,,,,,,,,,,,,,,,,,,,,,,,,,,,,,,,,,,,,,,,,,,,,,,,,,,,,,,,,,,,,,,예,예,예,예,예,,,,,,,,,,예,예,예,예,
지원되는 디스플레이 수 ‡,3,3,4,4,4,,4,,3,3,3,3,3,3,3,3,3,3,,3,3,3,3,3,4,4,4,4,4,4,4,4,4,4,4,4,4,4,4,4,4,,4,,4,4,4,4,4,4,4,4,4,4,4,4,4,4,4,4,4,4,4,4,4,4,4,4,4,4,4,4,4,4,4,4,4,,,4,4,4,4,4,4,4,3,3,3,3,3,4,4,4,4,4,4,4,4,4,3,3,3,3,3
장치 ID,0x3E92,0x3E92,0x46A6,0x46A3,0x4692 / 0x4682,,0x4680,,0x3E9B,0x3EA0,0x3E98,0x3E98,0x9B21/0x9B41/0x9BAC/0x9BCA/0x9BCC,0x9BC8 / 0x9BC5,0x9BC8,0x9BC8,0x9BC8,0x9BC8,,0x9BC8,0x9BC8,0x9BC4,0x9BC8,0x9BC8,0x9A49,0x9A49,0x9A60,0x4692,0x46A6,0x46A8,0x46A8,0x46A8,0x46AA,0x46AA,0x46A6,0x46A8,0x4688,0x468B,0x46A6,0x46A6,0xA780,,0x4682/0xA782,,0xA780,0xA780,0x4682,0x4680,0x4680,0x46A8,0x46A8,0xA7A0,0xA7A0,0x4680,0xA7A0,0xA7A1,0x4688,0xA7A0,0x4680,0xA7A1,0xA7A0,0xA7A0,0xA782,0xA7A0,0xA7A1,0x4688,0x468B,0xA7A0,0xA7A8,0xA7A1,0xA7A1,0xA7A0,0xA7A0,0xA7A0,0xA7A1,0xA78B,0xA78B,,,0x4680,0xA780,0x4680,0x4682/0xA782,0x4682,0xA780,0xA780,0x1912,0x1912,0x1916,0x191B,0x191B,0x4690,0x46A6,0x4690,0x4690,0x4690,0x4690,0x4690,0x46A6,0x46A6,0x5912,0x5912,0x5916,0x591B,0x591B